article_id,source,title,url,extracted_at_utc,query,media_cloud_story_count,media_cloud_matched_story_count,media_cloud_unique_hosts,media_cloud_story_ids,status
9ad87226-d284-4bd8-9873-f8977bc4dfc2,ABC 17 KMIZ News,QUESTION OF THE DAY: Should local communities have concerns about data center projects?,https://abc17news.com/news/top-stories/2025/12/05/question-of-the-day-should-local-communities-have-concerns-about-data-center-projects,2025-12-05T12:34:21.498559+00:00,"""QUESTION OF THE DAY: Should local communities have concerns about data center projects?""",0,0,,,ok
a9adda39-22ec-4329-944f-a7ab92eaff15,ABC 17 KMIZ News,Shannon Dowell’s buzzer-beater lifts Mizzou to ACC/SEC Challenge win over California,https://abc17news.com/sports/mizzou-tigers/mizzou-womens-basketball/2025/12/04/shannon-dowells-buzzer-beater-lifts-mizzou-to-acc-sec-challenge-win-over-california,2025-12-05T12:33:50.010947+00:00,"""Shannon Dowell’s buzzer-beater lifts Mizzou to ACC/SEC Challenge win over California""",0,0,,,ok
c4034529-4b21-4cdf-a1a8-6e4e1a7b95d4,ABC 17 KMIZ News,Jefferson City man charged with several counts of rape,https://abc17news.com/news/crime/2025/12/04/jefferson-city-man-charged-with-several-counts-of-rape,2025-12-05T00:14:10.146864+00:00,"""Jefferson City man charged with several counts of rape""",0,0,,,ok
37961f8b-1d2f-4e04-9f13-510ac0a0aede,Bolivar Herald Free Press,Bearcats basketball win over Panthers,"https://bolivarmonews.com/stories/bearcats-basketball-win-over-panthers,137468",2025-12-05T13:53:33.947998+00:00,"""Bearcats basketball win over Panthers""",0,0,,,ok
0178d441-b8b7-457d-8dd7-ff4085ecfe14,Bolivar Herald Free Press,Citizens Memorial Hospital names Dr. Staci Rogers as its next chief medical officer,"https://bolivarmonews.com/stories/citizens-memorial-hospital-names-dr-staci-rogers-as-its-next-chief-medical-officer,137478",2025-12-05T13:14:38.720095+00:00,"""Citizens Memorial Hospital names Dr. Staci Rogers as its next chief medical officer""",0,0,,,ok
04bfa413-9596-4b4c-b8f1-9f70d616e2f1,Branson Tri-Lakes News,This 'Game of Thrones' star is taking his search for climate solutions global,https://www.bransontrilakesnews.com/lifestyles/entertainment/article_4953736c-b217-528d-88a1-5c79f2df9861.html,2025-12-05T12:22:58.399777+00:00,"""This 'Game of Thrones' star is taking his search for climate solutions global""",3,3,insidenova.com|kdhnews.com|wvnews.com,9b377c38cf1f7419282c60ba62ee8f565eddea4b67e91551c0bbbdd99655edd9|dc91f2a15fd2f8798916335be6a36bd1cd2759c7e96ddc34c9176381502c6e8f|68e4d8e306ba31e40424292aaeb52de703deb8d1b93b7f8f0a071e67b4d1b949,ok
d1c38c90-9aec-4064-b3e1-91aeec6c568f,Branson Tri-Lakes News,Weed Extract Might Lower Dog Aggression,https://www.bransontrilakesnews.com/lifestyles/health/article_ec3aef11-a52a-5d87-9284-3b42976c5060.html,2025-12-05T12:21:36.106769+00:00,"""Weed Extract Might Lower Dog Aggression""",0,0,,,ok
a59884c8-11f6-424c-8088-274ccba123b5,Branson Tri-Lakes News,"Air Pollution Contributing To Clogged Arteries, Study Suggests",https://www.bransontrilakesnews.com/lifestyles/health/article_9eaeb8eb-bbd7-5413-8bf6-5443126df437.html,2025-12-05T12:17:43.580270+00:00,"""Air Pollution Contributing To Clogged Arteries, Study Suggests""",0,0,,,ok
e1642a56-8857-4d6a-bb04-a45847ad4f89,Centralia Fireside Guard,Centralia Panthers girls wrestling sweeps Mexico Quad - Centralia Fireside Guard,https://www.firesideguard.com/2025/12/04/sports/centralia-panthers-girls-wrestling-sweeps-mexico-quad,2025-12-05T06:23:15.525747+00:00,"""Centralia Panthers girls wrestling sweeps Mexico Quad - Centralia Fireside Guard""",0,0,,,ok
23e43dc9-1d52-441c-9c2a-39a6deff7fec,Christian County Headliner,DAV/RecruitMilitary to Host Virtual Veteran AND Military Spouse Hiring Event,"https://ccheadliner.com/stories/davrecruitmilitary-to-host-virtual-veteran-and-military-spouse-hiring-event,109429",2025-12-05T00:18:42.190543+00:00,"""DAV/RecruitMilitary to Host Virtual Veteran AND Military Spouse Hiring Event""",0,0,,,ok
d1130465-f65e-42a2-9790-52c743982ea4,Columbia Missourian,Battle boys basketball falls in first game of Hoopin' on the Hill Tournament,https://www.columbiamissourian.com/sports/battle-boys-basketball-falls-in-first-game-of-hoopin-on-the-hill-tournament/article_90b7586d-e014-4a42-aa4f-a8876f19f73b.html,2025-12-05T06:19:04.209497+00:00,"""Battle boys basketball falls in first game of Hoopin' on the Hill Tournament""",0,0,,,ok
0747289f-db7a-4bf7-be8e-bf65b1c5faed,Columbia Missourian,"Mizzou women's basketball survives defensive dogfight, beats Cal 68-67 in SEC/ACC Challenge thriller",https://www.columbiamissourian.com/sports/mizzou_womens_basketball/mizzou-womens-basketball-survives-defensive-dogfight-beats-cal-68-67-in-sec-acc-challenge-thriller/article_cf32c788-08eb-45c1-a1c7-81f0ab245990.html,2025-12-05T06:17:51.523888+00:00,"""Mizzou women's basketball survives defensive dogfight, beats Cal 68-67 in SEC/ACC Challenge thriller""",0,0,,,ok
2b26c101-99be-4c7b-a8a8-4ad689b225c4,Columbia Missourian,Blair Oaks seeks to make history with back-to-back state titles,https://www.columbiamissourian.com/sports/prep_sports/blairoaks/blair-oaks-seeks-to-make-history-with-back-to-back-state-titles/article_9d026a3b-a9b2-45ff-9f4a-0c8adc88d700.html,2025-12-05T00:21:30.250921+00:00,"""Blair Oaks seeks to make history with back-to-back state titles""",0,0,,,ok
94130eda-2c64-4347-a94b-0f1b7b212875,Daily American Republic,Willow Springs outlasts Twin Rivers 43,https://www.darnews.com/sports/willow-springs-outlasts-twin-rivers-43-41-for-the-lady-dawg-classic-championship-1fae9656,2025-12-05T06:36:57.524505+00:00,"""Willow Springs outlasts Twin Rivers 43""",0,0,,,ok
099ca991-2f4c-4bd8-af2e-218231da4f84,Daily American Republic,Habitat for Humanity of Poplar Bluff breaks ground on first house sinc...,https://www.darnews.com/news/habitat-for-humanity-of-poplar-bluff-breaks-ground-on-first-house-since-pandemic-c50bfa96,2025-12-05T00:21:18.345017+00:00,"""Habitat for Humanity of Poplar Bluff breaks ground on first house sinc...""",0,0,,,ok
e16a0fda-3f55-43d3-9d3a-3996c8615515,Dos Mundos Bilingual Newspaper,Trump announces ‘pause’ on migration,https://dosmundos.com/2025/12/04/trump-announces-pause-on-migration,2025-12-05T07:51:56.938320+00:00,"""Trump announces ‘pause’ on migration""",0,0,,,ok
2f1bddfb-e6dd-48c3-a12b-78020d51e4c3,Dos Mundos Bilingual Newspaper,Nebraska Hispanic grocery store to open location in Topeka,https://dosmundos.com/2025/12/04/nebraska-hispanic-grocery-store-to-open-location-in-topeka,2025-12-05T07:51:39.621122+00:00,"""Nebraska Hispanic grocery store to open location in Topeka""",0,0,,,ok
bbe7016a-bca9-42ce-96ae-bf5150856d70,Emissourian,Missouri appeals court rewrites ballot proposal to clarify a ‘yes’ would end right to abortion,https://www.emissourian.com/news/missouri-appeals-court-rewrites-ballot-proposal-to-clarify-a-yes-would-end-right-to-abortion/article_40fe0cbc-adc4-40bd-b8ee-f7f7da3248bb.html,2025-12-05T09:33:58.990323+00:00,"""Missouri appeals court rewrites ballot proposal to clarify a ‘yes’ would end right to abortion""",0,0,,,ok
1c675a6f-a86c-4796-a63d-55b021dfdbc6,Emissourian,Changes possible for Union baseball and softball concessions,https://www.emissourian.com/local_news/changes-possible-for-union-baseball-and-softball-concessions/article_4fcad7f2-890d-4a4f-8ed3-2f0bf3241575.html,2025-12-05T09:33:00.682802+00:00,"""Changes possible for Union baseball and softball concessions""",0,0,,,ok
8cc4bafb-996c-4120-9cd4-c0642e866d42,Jefferson City News Tribune/News Tribune,Man accused of planting pipe bombs before Jan. 6 attack is arrested,https://www.newstribune.com/news/2025/dec/05/man-accused-of-planting-pipe-bombs-before-jan-6,2025-12-05T13:36:23.855835+00:00,"""Man accused of planting pipe bombs before Jan. 6 attack is arrested""",0,0,,,ok
6625e8d0-ebeb-4e7b-bb76-b1c6e3f9dba6,Jefferson City News Tribune/News Tribune,Wall Street holds near records on quiet day of trading,https://www.newstribune.com/news/2025/dec/05/wall-street-holds-near-records-on-quiet-day-of,2025-12-05T12:49:39.151518+00:00,"""Wall Street holds near records on quiet day of trading""",0,0,,,ok
d60c2b81-04e3-4b72-b1b6-140a29ef4a99,Jefferson City News Tribune/News Tribune,Missouri women up to the challenge in win against California,https://www.newstribune.com/news/2025/dec/05/missouri-women-up-to-the-challenge-in-win-against-california,2025-12-05T07:20:11.205421+00:00,"""Missouri women up to the challenge in win against California""",0,0,,,ok
bbdd512a-f774-4328-9926-f1b1363371ce,Jefferson City News Tribune/News Tribune,Lions run past Cowboys for key victory,https://www.newstribune.com/news/2025/dec/04/lions-run-past-cowboys-for-key-victory,2025-12-05T07:16:28.334183+00:00,"""Lions run past Cowboys for key victory""",0,0,,,ok
b6beff5a-12bf-4725-a73e-f0ce9e44bf7a,KBIA,The World Cup draw is here. Here's why it matters — and how it will work,https://www.kbia.org/2025-12-05/the-world-cup-draw-is-here-heres-why-it-matters-and-how-it-will-work,2025-12-05T12:44:08.612965+00:00,"""The World Cup draw is here. Here's why it matters — and how it will work""",4,4,kunm.org|kpbs.org|npr.org|ksfr.org,df9d7e358ef88f0310db40a4311673520b9d562d39260295c1ef741a6ff1aef9|7c6c746560c09b49b9f61f5db2b07bb86406915ce5fed7acc6fcd20f0f7bcb70|460879022b6c52dc164542b6f6fc1eef5955163ca75222f6ba796de2b595dbe8|914bc6942369224464953ca2fd7bb7752fc72a9a35d1120d963e3c428b083aa3,ok
fa03f347-776d-44f7-854d-d3e4865180ac,KBIA,Supreme Court lets Texas use gerrymandered map that could give GOP 5 more House seats,https://www.kbia.org/2025-12-04/supreme-court-lets-texas-use-gerrymandered-map-that-could-give-gop-5-more-house-seats,2025-12-05T00:50:45.885814+00:00,"""Supreme Court lets Texas use gerrymandered map that could give GOP 5 more House seats""",11,11,spokanepublicradio.org|krwg.org|knkx.org|kenw.org|inquisitr.com|kanw.org|npr.org|tpr.org|kpbs.org|kunm.org|ksfr.org,858a90be7df83c89413da56c5362ca916b09d2047fba7fc0fe22025109dc4f8f|46da86f22f8e67f39679111e3f85a63342e646c5f7bf51ec26f4359ff6abb505|578f10b032109c7427df3db7aea82e531e621512e7bc0a7e26a945c428c937ec|0e651b013d682726fa9a356f9359211f75bf7d26d2d550513ed242cfc32b7741|1c8801f444d8f339958251cfab09d19004e0d859cf49fc1d4bf643c6f9e17b3a|68047b44a7b6190cb18969f6b48f96ea74140f24225c0a1e77db6f1faa5c09df|15acaa76a489f9bc66d45ab0b5543d631bfdbbbb254761e0925a4af6f0a79504|a480e7f16519e524f41a98c6ab93258a120b76bbcd192481b60f3036700bb16c|96798d0f1296a3b76a4d498e40f12881500363f36d47750492e2d9040f7c2510|0e9962fb36936a65f05a35c62f49609089112afd2d307c2a7c89291df9831c49|3403783c366f9cc20432f290f7bb20b345c563f357347a86cf93b12c8201109f,ok
f9b5efbd-7d7a-421a-9362-5ab9101e8d5d,KCMO,Kenny Chesney Reveals That His Late Friend Jimmy Buffett’s Ashes Were Smuggled Into His Rock Hall Tribute,https://www.949kcmo.com/2025/12/04/kenny-chesney-reveals-that-his-late-friend-jimmy-buffetts-ashes-were-smuggled-into-his-rock-hall-tribute,2025-12-05T13:27:31.701592+00:00,"""Kenny Chesney Reveals That His Late Friend Jimmy Buffett’s Ashes Were Smuggled Into His Rock Hall Tribute""",4,4,ed.fm|kgrt.com|cow97.com|theclassicrockstation.com,1ca2000e3b777c8ce7a650f915278bc0e02d384cd44c0882b8b2f4241849733c|5415508263e61d167203ca6cd14213db77705f4f77762c58e5970e603ab0c839|f572d90489ccecf2a24c27d214912dd2d1d615bee7223cc026101c6b7d8b478b|7b1068bc2e55ca1ce9e9191b4c98df9edf65477e2cd9b2009ca4fe17716d6202,ok
695b4463-8ee7-4180-81ce-5cc045906f27,KCMO,Rosalía Announces 2026 Lux World Tour,https://www.949kcmo.com/2025/12/04/rosalia-announces-2026-lux-world-tour,2025-12-05T07:46:19.313619+00:00,"""Rosalía Announces 2026 Lux World Tour""",4,4,ed.fm|hypebeast.com|hot103.fm|933theq.com,eb964a11d629163edabbc2849a639bf6f04404cb0ada02f5a9d40b8a42aeb385|ff2458e38ed6e1c78da872fcb454885af67ad449ada6271fbbfd7df2f1064b6a|418a495fefafe7a5dd668dd3a4b7c1b2a6d17bd11006461948cac5cc2b6faaa1|7a804c9903f7837cb0af4b22d1d5d56e28363405b60463fb20461acaebcd1bc6,ok
1bb7803b-62f0-4ae7-9d0e-f08fa1d675e9,KCRG,Jefferson City hosts 20th annual Tree Lighting,https://krcgtv.com/news/local/jefferson-city-hosts-20th-annual-tree-lighting,2025-12-05T12:41:11.317364+00:00,"""Jefferson City hosts 20th annual Tree Lighting""",0,0,,,ok
02ac4fd8-374e-45d2-bc49-7d3604660f00,KCTV5,"US officials promise safety, ‘seamless’ transportation at World Cup ahead of Final Draw",https://www.kctv5.com/2025/12/04/us-officials-promise-safety-seamless-transportation-world-cup-ahead-final-draw,2025-12-05T09:42:49.078981+00:00,"""US officials promise safety, ‘seamless’ transportation at World Cup ahead of Final Draw""",0,0,,,ok
8b77d8a3-d03b-4f9c-a290-9cac07f36bc7,KCTV5,Kansas City hosts public forum for KCFD Chief finalists,https://www.kctv5.com/2025/12/05/kansas-city-hosts-public-forum-kcfd-chief-finalists,2025-12-05T08:55:01.461975+00:00,"""Kansas City hosts public forum for KCFD Chief finalists""",0,0,,,ok
1114fe59-623d-4118-8366-4b0fb4d66dd3,KFVS 12,Abortion to be topic of debate in Missouri’s next legislative session despite voters’ decisions,https://www.kfvs12.com/2025/12/05/abortion-be-topic-debate-missouris-next-legislative-session-despite-voters-decisions,2025-12-05T07:56:44.219382+00:00,"""Abortion to be topic of debate in Missouri’s next legislative session despite voters’ decisions""",0,0,,,ok
bbe916b8-813c-4a08-b05e-29e9d0696f20,KFVS 12,Navy admiral tells lawmakers there was no ‘kill all’ order in attack that killed drug boat survivors,https://www.kfvs12.com/2025/12/04/lawmakers-hear-navy-admiral-who-ordered-attack-that-killed-boat-strike-survivors,2025-12-05T01:48:48.079868+00:00,"""Navy admiral tells lawmakers there was no ‘kill all’ order in attack that killed drug boat survivors""",52,52,memeorandum.com|live5news.com|newschannel10.com|reviewjournal.com|wmbfnews.com|wistv.com,77edf3f0114533dc2a076867d3b5df45af24e8b54952879b925c25cca78816e7|8aa37aeca5d6a23c2f1d445f64649391453257c53adcaefb65ddc0fed29cd240|da513b8da44aaa6288ccfad1c774af800424058769d4b663f70563aa61c9493b|e674bfa64e1758a970301a064c3d2675b91ac855ebac3032c40340d3ce50681e|01dbd7b9dd070895f815aca634782d441fd6305abbc5d755f2417c4e783f753b|a4c868043b9fa4bec2550c5e30ae10a0ec00007caa1f46e2944ce8d5e6b30b3b|1ac1bc3c7b0f392347649a8654e7af6bc53c77f055b1d2acecb351dcc0aa74cc|c87e1127a3de87d67984d5a78fbbc4b65d28a7a51367f43ea8102232184f16c7|da5b5affce94be5205d884d5688b6f7697dbcad42cad673a6b0501de623e5e3b|3e049fb94e1f8be429f3e58634bfbc9855c1c58ab580ab4a95328c9e05324c24|bb529193d763cce0bce9dc0520971e0db16e19d727d15562e1e787ca6a4d11eb|4aaeeefe7d18d7a9b20963e3027b769a2c7fcf53ac1797516c2a847320670241|62a29b7e15cdf85150efee9d370040deba2a2bcbe57148ffa7aa60384ffa427d|949a670e6275dedaf781cc9c2abbcc6bf1780550655cac92c0bc234cf1973bdc|2868f95ebf8333b111dc037b848e88acd872abebe2e1bda48dc6068d715898c1|8246dfd73faba77d95bc11b6b2d15d8384ac17dcc195ea2d16792f4db0378f00|0cc687cce177516104c198ada457d3c632126ca2d564d41de22dc592910c8621|518dcc475d38bfe8fb7eecd6f23a0761a36f2357692397c823eb71a6f44d9778|03dc835fc30c56c4ddba23e6fa582b3dffeb93a95dd3c200a4182ee5566200bf|1645041ece91fe4a402f41f3cd50bd1df6c2ae5b092d85e4f2a8651699169f24|91aa84c347c98419fa5e2e267ba350d59fb7aa3d5da6f5b1adbaf67358f28b70|f26b2502ca5e2a4360877ffaa747d3ffd36045ce260a68010408dfb3d8d58ea3|32beee7ca462ede64f9fdd14953222035454dc0e76412a1736431d7d86a96a6f|d756a3b3b6114ef66168c0063ad2a039793918d8ab2f1500ff466cf7c90d4bf0|46ccc2c3f0e0b8916421584cefe59d95e33bf53f5cdd32228eec1f0d14ace54b|00d0aacd0efc23011757a39aa22b9c987b6808ec49e7407a5870f0dcb68b21de|bcbb127a3fabcdd9d7cd281ae3b458358dd204550b6289a9cc4d539509ee2da9|d952e6173ad11101ac974fbe3cd1c52fe1dfe08070a0168b7b8fa10bd4769da4|4da8a13636e7753b90475cfee146e14519f110a547e0269eccb3bc8cb4d1d414|1ac9d88a32bddb3538b76b0feb8aff87bd365d49baa4d58a3b550cdf81ca4442|3dcd9b7d1717959167e023bcc838c921c0228e5113b5a69e89e0a126e34590ea|2dd57d79d500497ab4ec6da627c24a6af0e4b89739f7065d9d2f5d6396549e5b|a56a0fd7b3a9e558ebc258dd44a6088b38b720008a01137adb6486fa096883df|2ca77b4d93b9265989ccca80bd13c2b386aa1e188f513c6fb15ac57ebebce5c0|6b96c6c328ce39a76869e53ff8726695c3b6cba33b610357b7a3a27fbd9db986|635fe08b46238af7f33e2278c13dd33d1080ef3fa28fd07ebca2ad0df5110031|eca4db6edeedc0f144eacf7fbe9d698404311443a5b201f5cc7568290d6582f6|93e8fe328550e7dad0a296751f8adadb235eafb617a108846e5282593a84058d|91e8977818341c861a616785968753c7977086e31206523f36b8f8f8b54b8506|0b0e57ad5684850e53e4116ad4086425bb97bf4fbd162f70e56a2f78480bbf20|060c99fb8c61169bab9ab3979763b88d1080e37c3512a1d7cfd662fb1b7424e3|99212c8090a629bae194aa68a083263eba565f741b883c76a7f1b2e297ca332e|8568de7544619ac87160bde50415dff37795527018e9ca27842b3b309acfd742|0335ec5fb4c4e0ceb1160ff3a2f762c5d253de3babb0e7ce06415717cf819fd9|5e2ec6e68ffd33b37921d0482ad4fabe1d4547a68bcd025809da2c5d8c328804|c96403b3f2b1082ddc71f85ab0da25769e756f5cc8b0878fd7f97f4ba5a664fd|abafcb5cc3e1d9baccf2d99569548b501a0276c38037bdd421dbdf5e2187d7a6|76bdde764fae7710bfbee8797014d3b3e178c96dfe497f26f8a079216a39ff02|323562cb57b3e03070c80d911af3ab2f217dca515070b96e9414f30435b1186b|4962afd1c9a4eaa9c75a686d1909439cbc81302dd6b2e595f91dcdc78562cac2|e59841b26b5edc9ef30728bef94666a8c0c2b4d43904efb27e068677d2de3149|28271e24a312b75c9e3a2c671c335779ac77facc488fc4b34a68f613dd8457ad,ok
455ba43d-3cec-48ca-befe-e7ac99bc829f,KFVS 12,Paducah police investigating after body found in wooded area,https://www.kfvs12.com/2025/12/04/paducah-police-investigating-after-body-found-wooded-area,2025-12-05T01:47:55.594552+00:00,"""Paducah police investigating after body found in wooded area""",0,0,,,ok
73110699-3fb3-4505-9fe0-42fc72ed6956,KFVS 12,Poplar Bluff city manager DUI arrest in Mississippi comes to light,https://www.kfvs12.com/2025/12/05/poplar-bluff-city-manager-dui-arrest-mississippi-comes-light,2025-12-05T01:46:26.575945+00:00,"""Poplar Bluff city manager DUI arrest in Mississippi comes to light""",0,0,,,ok
1e7ab9e6-d856-457c-8d42-ea225bbefde2,KFVS 12,Winter Wonderland Treasure Sale set for Dec. 6,https://www.kfvs12.com/2025/12/04/winter-wonderland-treasure-sale-set-dec-6,2025-12-05T00:39:57.191998+00:00,"""Winter Wonderland Treasure Sale set for Dec. 6""",0,0,,,ok
cd214561-4e2c-4a55-9407-f5287b49cae2,Kirksville Daily Express,Highway Patrol urges motorists to drive safe in winter weather,"https://www.kirksvilledailyexpress.com/stories/highway-patrol-urges-motorists-to-drive-safe-in-winter-weather,28496",2025-12-05T06:37:53.094410+00:00,"""Highway Patrol urges motorists to drive safe in winter weather""",0,0,,,ok
1e8e7d71-505b-44e7-aeba-60b07afd06e9,KMBC News 9,LEGO and FIFA announce new collaboration ahead of 2026 World Cup,https://www.kmbc.com/article/lego-fifa-2026-world-cup-set/69635249,2025-12-05T01:05:23.661312+00:00,"""LEGO and FIFA announce new collaboration ahead of 2026 World Cup""",0,0,,,ok
6e444c2c-a876-4578-8bb1-6aa9237fcedf,KMBC News 9,Appeals court rewrites Missouri abortion measure ballot language,https://www.kmbc.com/article/missouri-abortion-appeals-court-ballot-language/69636326,2025-12-05T00:42:04.182729+00:00,"""Appeals court rewrites Missouri abortion measure ballot language""",1,0,,,ok
29612d0b-168a-436c-b50d-4c8127c40a68,KMOV CBS,Mizzou chain crew member marks 52 years on sidelines,https://www.kmov.com/2025/12/04/mizzou-chain-crew-member-marks-52-years-sidelines,2025-12-05T14:38:40.842803+00:00,"""Mizzou chain crew member marks 52 years on sidelines""",0,0,,,ok
41160a17-b5f1-4855-bae8-5d13d00028c4,KMOV CBS,Missouri Appellate Court rules on ballot language for anti-abortion measure,https://www.kmov.com/2025/12/04/missouri-appellate-court-rules-ballot-language-anti-abortion-measure,2025-12-05T12:54:05.679471+00:00,"""Missouri Appellate Court rules on ballot language for anti-abortion measure""",0,0,,,ok
96caa191-05b0-4d25-bf5c-4bc96a3e30b5,KMOV CBS,US military conducts strike on another suspected drug boat as probe into the first strike begins,https://www.kmov.com/2025/12/05/us-military-conducts-strike-another-suspected-drug-boat-probe-into-first-strike-begins,2025-12-05T08:36:04.600945+00:00,"""US military conducts strike on another suspected drug boat as probe into the first strike begins""",27,27,abccolumbia.com|inquirer.com|kdhnews.com|live5news.com|newsday.com|newschannel10.com|wmbfnews.com|wistv.com|kcbd.com|foxcarolina.com|newindianexpress.com|apnews.com|independent.co.uk|ktar.com|mynorthwest.com|halifax.citynews.ca|winnipegfreepress.com,35c0e7aaa4660f11e7f199e6bda5e03d9c77787d4f0e095dfa4d7b6ab5933dce|f34b8f21f168810ab787c75f19b4610003b40f9c06428be0e242ce4822bdbb8c|75f4031d6d377b9eed790777bd8cb33765f895fb718d984b35b3673321885194|e544f60b9416d70a08ef36ed1614b31705a8c7c5cec82f55bc426d37b5b1bb24|18664f47874458b21007e1b66db27871d6a8fcfe6533def4428ac68daa5d42c7|778840a382fe1b04835eacb30bba88d043ad563db013ba1e5efde3d02f599137|c191e3d3e887b8f12ac5d9c409b90ffc7dbd41bd21b11aa999f8618f39c37115|e370a062853f0d726ed8030890b2a9915b07a75d618e4795a650e8c4aed514ef|a86def84017225cabea9a0c7a2561115a1feaf905a296bf8ba77b265bf4a7209|ddfa5fefe5e86ea7fdb561889f02464eff2fdf1a35f5dd12fa11fcdb9c39fe9f|0255e2fc3c61705fe6dcae93f9fac67591968ab00a7aa082775f137a16b8a99e|b7f4ddc1cc90f2064cdbcd07bcf9e3b050cabdda46b456be5b27b0aee49cc263|f1a4749e8718689f285520c2d039d5d12914250965cb9226191237d18cefef6b|c89f306e8e76395a027af1f8937d9927789630007af93a1e23ba8b325ba7da7d|820995e4cd55810b7a62de6da811b97802dbc9111a886116e20bd41a00134de2|fc5179a2fe9994775bbaa183c59d4da129b3c6f77e3272ae51818ac26acc9544|27e9d5b26d3e13bba0529363364a4bd2aa68be1d5fed4bfaaa1943d66145106b|ab1e89bfd271db9bbd4781acf91738b6ed30bc2dc382350b16d7e22feafac37f|b3f522005230a0da6d32003f58079252f6a4e2d1959c0286ba20e580a2b7ab7c|7d7540866ea6444d51bb624f221b588dd209d47bd476aaded72799d7846fc7d5|f78f1f83f40c2fc2e7b3ea3ea7945a27319bf3755d238cad6f32a88458227290|a156677639e40c49c9320d03b273407dc8b940c116d8f58b4bb213d3e049f283|c2a674b0c77feb3be20f21afb41f0c0b958dc0166e516393dad2f1277568a3c1|5df17a139fc81787afef525768186f5919350843435f21a1bd50e6fc8659f4fd|b7e5752bb7cfb125a69148f9f14819d9a19617f29738cae2b639e99e9955ddbb|dde47bc49baa843323f0b36fa7a8a5c1bb88f5442688d9266ce998e6a7ef3ae4|b1b4bcfa15f235427e7eceb046e6a603ffcc29ac199c631172b81228ab4d20fc,ok
3207b721-b31b-4508-b4e5-8aacf1414acc,KMOV CBS,U.S. Steel to restart Blast Furnace B at Granite City Works,https://www.kmov.com/2025/12/04/us-steel-restart-blast-furnace-b-granite-city-works,2025-12-05T01:02:51.407752+00:00,"""U.S. Steel to restart Blast Furnace B at Granite City Works""",0,0,,,ok
e23376bb-4414-476b-aa41-8f06fd395740,KOAM,"Joplin driver, 83-years old, dies in North Main Street crash",https://www.koamnewsnow.com/news/joplin-news-first/joplin-driver-83-years-old-dies-in-north-main-street-crash/article_d5002e04-dad2-4d45-be7b-0b4ef3bcdf9a.html,2025-12-05T15:21:48.638909+00:00,"""Joplin driver, 83-years old, dies in North Main Street crash""",0,0,,,ok
605007e8-942d-4cfd-8155-89de1c4fb780,KOAM,"Public Alert in Miami, Okla. chlorine bottle missing",https://www.koamnewsnow.com/news/joplin-news-first/public-alert-in-miami-okla-chlorine-bottle-missing/article_be82463b-0dab-4631-ba8d-612a1b1a25f7.html,2025-12-05T14:59:21.266523+00:00,"""Public Alert in Miami, Okla. chlorine bottle missing""",0,0,,,ok
462fa2fb-5450-4f86-be51-e888511c2e0e,KOAM,"Gas main struck on East 32, lanes reduced",https://www.koamnewsnow.com/news/joplin-news-first/gas-main-struck-on-east-32-lanes-reduced/article_d12e7ffa-99f4-4af0-927f-d44a3b154d2e.html,2025-12-05T14:37:01.368301+00:00,"""Gas main struck on East 32, lanes reduced""",0,0,,,ok
ce97cb97-c649-48d3-8c5d-620a61bd67f8,KOAM,Four Gorillas football stars named All-Region performers,https://www.koamnewsnow.com/sports/college-sports/pittsburg-state-gorillas/four-gorillas-football-stars-named-all-region-performers/article_d3d20df1-a690-4f4f-b047-4e4e34b62848.html,2025-12-05T08:14:03.783687+00:00,"""Four Gorillas football stars named All-Region performers""",0,0,,,ok
0583c797-de8a-409c-b712-17c99955c26f,KOAM,Gorillas Indoor Track & Field named preseason favorites,https://www.koamnewsnow.com/sports/college-sports/pittsburg-state-gorillas/gorillas-indoor-track-field-named-preseason-favorites/article_fc9ec5ec-8d95-47d4-9a77-9eeb654a49df.html,2025-12-05T08:12:01.177181+00:00,"""Gorillas Indoor Track & Field named preseason favorites""",0,0,,,ok
1924917d-ff6c-4eb5-91ab-b4720710be55,KRCU,The World Cup draw is here. Here's why it matters — and how it will work,https://www.krcu.org/2025-12-05/the-world-cup-draw-is-here-heres-why-it-matters-and-how-it-will-work,2025-12-05T14:47:18.975141+00:00,"""The World Cup draw is here. Here's why it matters — and how it will work""",5,5,kanw.org|kunm.org|kpbs.org|npr.org|ksfr.org,245c55944e5e407fb16d72bf6d40b28d7f46c8065db4e678b07fa8c7b268b889|df9d7e358ef88f0310db40a4311673520b9d562d39260295c1ef741a6ff1aef9|7c6c746560c09b49b9f61f5db2b07bb86406915ce5fed7acc6fcd20f0f7bcb70|460879022b6c52dc164542b6f6fc1eef5955163ca75222f6ba796de2b595dbe8|914bc6942369224464953ca2fd7bb7752fc72a9a35d1120d963e3c428b083aa3,ok
61fc7a51-9ac4-41cb-b298-a1c5bbcdd36b,KRCU,NPR battles Trump executive order in court,https://www.krcu.org/2025-12-05/npr-battles-trump-executive-order-in-court,2025-12-05T13:59:29.238704+00:00,"""NPR battles Trump executive order in court""",7,7,kanw.org|kunm.org|kpbs.org|tpr.org|biztoc.com|npr.org|ksfr.org,3022902cdd8b30abdc1a8eca376786313fadd7a3a367c70f36ee8f1e26039c6b|c5ced81441e1eb396bc76b89dc05c7d5198db08d15ccc248ebf5fc262f8a0d0c|f2f5c5e506c9ad414cb025e516bb35cddf6f1d4f2bbf37f9e845f3ad77ecab70|8f3fde7e4ad2d3723012c5df2e46ed728321fe88a0af914493328f4420c1a585|63749f225a4ae4760c4bf05bbe1ca48cdf21dd7677a32952f0f1c47e8fa0393b|0623b5ac15a4a71a0f49243e0e5f5cab7914bc63a70bc1ae8ecd48e524a968f4|4149807ed45a8ce254659407596f904ad5bdaa803437c4762ee30d6fc18add61,ok
697cd21f-7d9d-4145-a534-6d7585a530bd,KRCU,Two-Minute Drill: Redhawk Student-Athletes Earn All-Conference Honors,https://www.krcu.org/2025-12-04/two-minute-drill-redhawk-student-athletes-earn-all-conference-honors,2025-12-05T07:11:32.022606+00:00,"""Two-Minute Drill: Redhawk Student-Athletes Earn All-Conference Honors""",0,0,,,ok
0186ac5f-8858-47e3-9e88-5393c78e4bbd,KSMU Ozarks Public Radio,Defense secretary under fire as lawmakers question admiral about deadly boat strikes,https://www.ksmu.org/2025-12-05/defense-secretary-under-fire-as-lawmakers-question-admiral-about-deadly-boat-strikes,2025-12-05T15:07:31.758034+00:00,"""Defense secretary under fire as lawmakers question admiral about deadly boat strikes""",3,3,kanw.org|npr.org|kunm.org,ec605c25bdab98d76901bd3d15e69a809529859db090dcd48e6a0492635e5aab|93fcc0a740895a91869e9f1b289c8f405fccd26ddb282d186ddddea39bdd491a|4a53cd27714cd8385a934529d37ef5a432b60c64fafd357ec66143f6d6a58dcf,ok
4cd3a9f5-fcc1-4b64-b883-61b474df6477,KSMU Ozarks Public Radio,Rep. Jim Himes recounts briefing on U.S. boat strike in the Caribbean,https://www.ksmu.org/2025-12-05/rep-jim-himes-recounts-briefing-on-u-s-boat-strike-in-the-caribbean,2025-12-05T14:05:33.910394+00:00,"""Rep. Jim Himes recounts briefing on U.S. boat strike in the Caribbean""",3,3,kanw.org|npr.org|kunm.org,51bd1004f64ade4a706837a88682eb0b02487ab5943ec4573f2e14ffd49375ee|aa746baceea30eea94efa939b45d3ca70fba4515542c061ba9e1828207b643b5|27553340140667009e9fbc28aafac33be25c2976c4b080fe3c6a90ec744b18d3,ok
f90aad44-1166-42c8-ba5c-612744c2f292,KSMU Ozarks Public Radio,"FBI arrests man who allegedly planted pipe bombs near DNC, RNC before Jan. 6 attack",https://www.ksmu.org/2025-12-05/fbi-arrests-man-who-allegedly-planted-pipe-bombs-near-dnc-rnc-before-jan-6-attack,2025-12-05T13:39:02.224672+00:00,"""FBI arrests man who allegedly planted pipe bombs near DNC, RNC before Jan. 6 attack""",1,1,npr.org,819344da71d2a7c111a9b6da16eb3961128239173e2e9de1a3d8904bfb71e31d,ok
4dfb3f26-2288-42c3-b634-4d34f8932885,Memphis Democrat,PHYLLIS ANN MALLETT,https://www.memphisdemocrat.com/2025/12/04/phyllis-ann-mallett,2025-12-05T09:25:42.848411+00:00,"""PHYLLIS ANN MALLETT""",1,0,,,ok
ac256ef4-96bc-4e1a-8c36-f19cac7284d7,Memphis Democrat,Highway Patrol Reminds Drivers to Prepare for Winter Conditions,https://www.memphisdemocrat.com/2025/12/04/highway-patrol-reminds-drivers-to-prepare-for-winter-conditions,2025-12-05T08:29:40.241496+00:00,"""Highway Patrol Reminds Drivers to Prepare for Winter Conditions""",3,1,palmyra-spectator.com,be1582e5985597dd8952479b98578f2872b8796ec04dbdfc121213457d4ce47b,ok
ddfbd595-ecea-4457-a2e3-090cfb33a7e6,Missouri Lawyers,Real Property-Construction Defects-Statute of Repose,https://molawyersmedia.com/2025/12/04/real-property-construction-defects-statute-of-repose,2025-12-05T02:07:14.376046+00:00,"""Real Property-Construction Defects-Statute of Repose""",0,0,,,ok
fbd4e0cc-e84a-465d-91ff-f58f5c1fc39f,Missouri Lawyers,Criminal Law-Post-Conviction Relief-Ineffective Assistance of Counsel,https://molawyersmedia.com/2025/12/04/criminal-law-post-conviction-relief-ineffective-assistance-of-counsel-67,2025-12-05T01:44:21.076335+00:00,"""Criminal Law-Post-Conviction Relief-Ineffective Assistance of Counsel""",0,0,,,ok
43f07697-4d60-4d94-b033-a207b9a40e28,News Press Now,Cameron Public Library unveils new children’s space to engage local families,https://www.newspressnow.com/news/2025/12/04/cameron-public-library-unveils-new-childrens-space-to-engage-local-families,2025-12-05T07:24:20.254287+00:00,"""Cameron Public Library unveils new children’s space to engage local families""",0,0,,,ok
e99ec647-475a-4971-96e0-deada5e30dab,News Press Now,"Scientists document over 16,000 footprints in the world’s most extensive dinosaur tracksite",https://www.newspressnow.com/cnn/2025/12/04/scientists-document-over-16000-footprints-in-the-worlds-most-extensive-dinosaur-tracksite,2025-12-05T07:09:59.688295+00:00,"""Scientists document over 16,000 footprints in the world’s most extensive dinosaur tracksite""",0,0,,,ok
7b259d32-8d79-4c76-9578-ee04b51fa04f,Palmyra Spectator,Outdoors With Kevin Fox: What Would Your Choices Be?,https://www.palmyra-spectator.com/2025/12/04/outdoors-with-kevin-fox-what-would-your-choices-be,2025-12-05T08:54:52.866540+00:00,"""Outdoors With Kevin Fox: What Would Your Choices Be?""",1,0,,,ok
eb3a5880-eeae-4d7b-8c8b-4059e021c158,Palmyra Spectator,Three Resignations Accepted at Palmyra R-1 Board Special Session,https://www.palmyra-spectator.com/2025/12/04/three-resignations-accepted-at-palmyra-r-1-board-special-session,2025-12-05T07:36:08.574523+00:00,"""Three Resignations Accepted at Palmyra R-1 Board Special Session""",1,0,,,ok
aab005d4-e395-461a-8bf1-85d19a77a939,Perryville Republic Monitor,Man arrested in January 2021 pipe bomb case targeting party headquarters,"https://republicmonitor.com/stories/man-arrested-in-january-2021-pipe-bomb-case-targeting-party-headquarters,161236",2025-12-05T02:49:45.293885+00:00,"""Man arrested in January 2021 pipe bomb case targeting party headquarters""",0,0,,,ok
0a396970-0a58-4a3a-8d1c-430f997d7f23,Perryville Republic Monitor,Jim and Bryant sitting under the River Tree,"https://republicmonitor.com/stories/jim-and-bryant-sitting-under-the-river-tree,161097",2025-12-05T02:46:27.178155+00:00,"""Jim and Bryant sitting under the River Tree""",0,0,,,ok
942d8ea2-8f09-4ee0-8539-693c385d4683,Perryville Republic Monitor,Perryville Republic Monitor,https://republicmonitor.com/calendar/day/when/2025-12-07,2025-12-05T02:40:39.080948+00:00,"""Perryville Republic Monitor""",0,0,,,ok
07a4c289-47ae-4c0d-9c42-a54117d6eb89,Sikeston Standard Democrat,Strong start lifts Westwood Baptist over Oran in OIT consolation round,https://www.standard-democrat.com/local-sports/strong-start-lifts-westwood-baptist-over-oran-in-oit-consolation-round-c173c200,2025-12-05T15:24:13.985160+00:00,"""Strong start lifts Westwood Baptist over Oran in OIT consolation round""",0,0,,,ok
a1fd0efd-2ede-48bd-b2a6-294124b327d3,Sikeston Standard Democrat,"Kelly takes down SCC, moves on to OIT consolation final",https://www.standard-democrat.com/local-sports/kelly-takes-down-scc-moves-on-to-oit-consolation-final-47f1eca9,2025-12-05T07:27:59.912124+00:00,"""Kelly takes down SCC, moves on to OIT consolation final""",0,0,,,ok
d598705e-97b9-4c41-b13c-421e276c128d,Southeast Missourian,Asian shares are mixed after Wall Street inches closer to its all,https://www.semissourian.com/business/asian-shares-are-mixed-after-wall-street-inches-closer-to-its-all-time-high-498839ea,2025-12-05T08:46:07.443078+00:00,"""Asian shares are mixed after Wall Street inches closer to its all""",11,11,wvnews.com|abcnews.go.com|biztoc.com|independent.co.uk|inquirer.com|halifax.citynews.ca|winnipegfreepress.com|mynorthwest.com,cadbac98ae03d1cc598a7f8cfe6c76c79c6c31bec8cb93f707d54f0fabd849ee|0162fa9db876cbd7f08262f255933bf607b1b870b05b87eb3a389f50acbd2bf6|b6a5ddaf31e49b45ce5c3e29e5509119beae9fa42ea61f47a48b8cbaa1e86896|628301818514b5d8e978309f497561bab27491f448f58df868bb9b19c3d109a9|75c8954cf0234ba6b49507b82f01dfa0234d7a5669222ce803a24a2ef0b320bb|feeebfb2b3a70e092d6a18eb92d7650e0c4b66dc6efb859af8401c5ec1db446a|9d4c153a4e15e884a93b28b42b3c1df82253900a3dd863d6337e0b0132c3770b|fb5e18140d7da274f476835a371380f64fa02014ba29eb6821b2a2accb4d1129|38919d6269c5b57095c8cd3645dc268e14a3d82c2f6e8eb4f44ab171521d7cf2|569e9986f9e94e70114fe077d154db99377ec2d9649be89793841c524abba78c|9e05598de1bd5a2f23dcf70af3171dd2abebbe0287d0a4234f6ad689a618802a,ok
ee6d7bd9-f879-4297-b272-762795d3951e,Southeast Missourian,Willow Springs outlasts Twin Rivers 43,https://www.semissourian.com/sports/willow-springs-outlasts-twin-rivers-43-41-for-the-lady-dawg-classic-championship-1fae9656,2025-12-05T08:44:41.746355+00:00,"""Willow Springs outlasts Twin Rivers 43""",0,0,,,ok
49a1e84e-9222-4375-88ff-bbd464cc1d6a,Southeast Missourian,Poplar Bluff city manager to face DUI charge in Mississippi court Jan....,https://www.semissourian.com/news/poplar-bluff-city-manager-to-face-dui-charge-in-mississippi-court-jan-8-5f74c50c,2025-12-05T02:00:25.055214+00:00,"""Poplar Bluff city manager to face DUI charge in Mississippi court Jan....""",0,0,,,ok
07b8f60f-bff1-4520-a2a9-3e36c50fe588,Southeast Missourian,"As Texans chase division title, Chiefs simply trying to stay in playof...",https://www.semissourian.com/sports/as-texans-chase-division-title-chiefs-simply-trying-to-stay-in-playoff-hunt-d090b1e0,2025-12-05T01:57:50.383975+00:00,"""As Texans chase division title, Chiefs simply trying to stay in playof...""",0,0,,,ok
46ad5b1f-fd15-4537-81d2-3c2cd1d2b40d,Springfield News-Leader,Missouri State football to play Arkansas State in inaugural Xbox Bowl,https://www.news-leader.com/story/sports/college/msu/2025/12/04/missouri-state-football-to-play-arkansas-state-in-inaugural-xbox-bowl/87589555007,2025-12-05T09:44:00.273348+00:00,"""Missouri State football to play Arkansas State in inaugural Xbox Bowl""",0,0,,,ok
d465db8a-a5af-4c65-a63c-9ceaf277f51a,St. Louis Jewish Light,Meet the 'hidden hand' behind some of St. Louis’ one,https://stljewishlight.org/top-story/meet-the-hidden-hand-behind-some-of-st-louis-one-of-a-kind-torah-arks,2025-12-05T01:27:18.611077+00:00,"""Meet the 'hidden hand' behind some of St. Louis’ one""",0,0,,,ok
4a62db5a-be3c-4386-ab87-4e1912757323,St. Louis Post-Dispatch,"Effort, defense in question again as Blues fall to Bruins",https://www.stltoday.com/sports/professional/nhl/blues/article_312f0a52-a826-4657-95e2-ec85567767f5.html,2025-12-05T14:24:56.341065+00:00,"""Effort, defense in question again as Blues fall to Bruins""",0,0,,,ok
1afcb899-d273-46b0-bb06-2c2beeda7889,St. Louis Post-Dispatch,Thursday's Scores,https://www.stltoday.com/sports/college/illini/article_03f198f9-0a60-5c52-a735-8f8aab642c41.html,2025-12-05T08:07:12.038503+00:00,"""Thursday's Scores""",1,0,,,ok
cc143264-3e13-429f-acb7-1afc316a6f88,St. Louis Post-Dispatch,Winning numbers drawn in Thursday’s Illinois Pick 4 Midday,https://www.stltoday.com/news/state-and-regional/illinois/article_371028a8-a82e-5894-854b-66a1d7720ce0.html,2025-12-05T02:30:53.539374+00:00,"""Winning numbers drawn in Thursday’s Illinois Pick 4 Midday""",0,0,,,ok
375553e1-1ff2-4a0b-b78b-763f4a2913cd,St. Louis Post-Dispatch,Winning numbers drawn in Thursday’s Illinois Pick 3 Midday,https://www.stltoday.com/news/state-and-regional/illinois/article_96b9866e-7d4d-5ef5-b5b4-0ecdfe0230b2.html,2025-12-05T01:54:04.419685+00:00,"""Winning numbers drawn in Thursday’s Illinois Pick 3 Midday""",0,0,,,ok
be10965c-2751-4b05-917e-8a1c445cc1b3,The Edina Sentinel,FFA Barnwarming Royalty Crowned,https://www.edinasentinel.com/2025/12/04/ffa-barnwarming-royalty-crowned,2025-12-05T14:50:33.533503+00:00,"""FFA Barnwarming Royalty Crowned""",0,0,,,ok
1674e6b3-31d3-489a-b4b5-4e3c61ee17ce,The Examiner / Examiner Weekend,Independence police continue to investigate killing of 18,https://www.examiner.net/independence-police-continue-to-investigate-killing-of-18-year-old-woman,2025-12-05T02:36:45.993525+00:00,"""Independence police continue to investigate killing of 18""",3,0,,,ok
34d07caf-b22d-48e5-9545-23b2a13307bb,The Fulton Sun,Tanglewood serves golfers statewide,https://www.fultonsun.com/news/2025/dec/05/tanglewood-serves-golfers-statewide,2025-12-05T13:48:55.172526+00:00,"""Tanglewood serves golfers statewide""",0,0,,,ok
36f646f2-770c-40b2-935b-d10d2b94ca87,The Fulton Sun,Missouri appeals court rewrites ballot proposal to clarify a ‘yes’ would end right to abortion,https://www.fultonsun.com/news/2025/dec/05/missouri-appeals-court-rewrites-ballot-proposal,2025-12-05T13:47:38.505479+00:00,"""Missouri appeals court rewrites ballot proposal to clarify a ‘yes’ would end right to abortion""",0,0,,,ok
cdfa30d1-a80d-41ff-89b0-eb99ad41dfcf,The Fulton Sun,Changing face of college football results in blue-chip prospects making some surprising choices,https://www.fultonsun.com/news/2025/dec/05/changing-face-of-college-football-results-in-blue,2025-12-05T13:46:42.845145+00:00,"""Changing face of college football results in blue-chip prospects making some surprising choices""",14,14,inquirer.com|gorgenewscenter.com|wvnews.com|eastidahonews.com|hindustantimes.com,1fd0a0ab8fd5ecef3f15607407b6b7db93d0262b86d47f61c3de983d1ae27495|8e976f5d5d4ce0beb3c7d8f602a07c1609801d2b52a9f97177c794de3d740e54|d6e333f99094abec3ff8259055bd7fe6f744e1c356e8884ae6a3e709cc925075|94b15fb28eb9b2a9490235f4ee2465baa45a41931cd00d6c6e51850abbab7cca|ada47a730095a6e762fe625e850a4624100e400ac18c7d7be8f255b8deff76f5|55447d87c5f1b87daae14ac62979fe90cfc1b15d75b098dcc06e8d145dd61e60|2309ff6a5e08046c86add2a3ab9d38660da43d97aeb93a86ec839ae391c25926|4ea542219468352fedb44377523d2bbdd7e6adc331d2a68ac16a9344328d0c75|d5622873a226a94537e1f27eaf270ae9f573b5dcd47eaad7b497d15fa923419f|ec13374d611f4818e9b917b49d65914c07f8ab175e89ad00b3e509c7b688cfa5|344944440f69252a563863dd44b2065372712cf48b9b8e5320bf7e56b36fca99|794de511a343cad9ec5448402899a192bc1497f84c27934495de763f709f85e2|7995d1d801bb26928cfbf97e5149c32daeab6d0d0fcda662afa17f9d1aee97a5|4198be12da02a0b3ebc2ad0b43a18209ad11f11fdbfefe1cacb1217cca85c29a,ok
3fce1738-868c-431c-9325-86d708862c45,The Kansas City Globe,"Victims say Kansas City, Kansas, Hasn’t Delivered Justice",https://www.thekansascityglobe.com/news/victims-say-kansas-city-kansas-hasnt-delivered-justice,2025-12-05T07:55:24.311782+00:00,"""Victims say Kansas City, Kansas, Hasn’t Delivered Justice""",0,0,,,ok
87e4b94d-7e07-40d1-891e-156f486dd298,The Kansas City Star,Layoffs rock nonprofit running Kansas City’s LGBTQ+ youth homeless shelter,https://www.kansascity.com/news/local/article313102695.html,2025-12-05T15:26:08.926078+00:00,"""Layoffs rock nonprofit running Kansas City’s LGBTQ+ youth homeless shelter""",0,0,,,ok
9e11eb02-4271-44ea-b74f-fe14c1222eb4,The Kansas City Star,KC seafood restaurant closing location. ‘Beyond grateful for every guest’,https://www.kansascity.com/news/business/openings-closings/article313400292.html,2025-12-05T02:05:12.115049+00:00,"""KC seafood restaurant closing location. ‘Beyond grateful for every guest’""",0,0,,,ok
2b94554d-830a-42c7-b05c-90cb4c07f741,The Kansas City Star,Massive putt-putt restaurant opening soon in Johnson County. Look inside,https://www.kansascity.com/news/business/openings-closings/article313104376.html,2025-12-05T02:04:09.624496+00:00,"""Massive putt-putt restaurant opening soon in Johnson County. Look inside""",0,0,,,ok
40f30696-0d33-4c0c-9f67-f6b292f3cf98,The Maryville Daily Forum,Jimmy Kimmel Thanks Trump for Helping Him Become 2025’s ‘3rd Most Trending Person in the World’,https://www.maryvilleforum.com/news/state_news/jimmy-kimmel-thanks-trump-for-helping-him-become-2025-s-3rd-most-trending-person-in/article_b7302ccc-14d5-5433-a63d-97c4a4eaf351.html,2025-12-05T14:00:39.317617+00:00,"""Jimmy Kimmel Thanks Trump for Helping Him Become 2025’s ‘3rd Most Trending Person in the World’""",5,5,insidenova.com|kdhnews.com,6993fcf47efdc2ad2d780afb24e0aa4d8914b9be707c4c4c5ee72d43fe75e85d|89d51bfd006695e499250495fe3cbabc321c713589a973eec50edb6e7c71b175|04c8220e049daac43d954fc9b30e9c34d8e4f763a94903bef6837db1da9d7283|30c9e7532511b271670e8200242c9565183785fb4d23ed2175bcaaa7f1a01f7d|87e0e41d111bd1c033f7bb8cbdd81166e05d4ef070e9a965a395b908e890d9c8,ok
7b72e522-4680-4acf-ad9c-807a8c802594,The Maryville Daily Forum,‘Stranger Things’: Inside Dustin’s Eddie Munson-Inspired Season 5 Transformation,https://www.maryvilleforum.com/news/state_news/stranger-things-inside-dustin-s-eddie-munson-inspired-season-5-transformation/article_0499dfe7-6167-5fcd-932f-4bf53e0cac33.html,2025-12-05T02:24:07.851380+00:00,"""‘Stranger Things’: Inside Dustin’s Eddie Munson-Inspired Season 5 Transformation""",2,2,insidenova.com|kdhnews.com,15ff62a1898fbd949c573ec1565e5ec7e61325014b05768b37e14392527bea36|ec260dcad0d7d1230852701a04b96d938ad8c03fac9b23b3aae7eae5413c9084,ok
315eaebb-622b-4d8d-9818-081d24fb5a64,The Maryville Daily Forum,Behind the Scenes of ‘Prehistoric Planet: Ice Age’: How Apple TV Uses Puppetry to Blend Practical and Visual Effects,https://www.maryvilleforum.com/news/state_news/behind-the-scenes-of-prehistoric-planet-ice-age-how-apple-tv-uses-puppetry-to-blend/article_0bfdb441-fdbb-5834-b1ca-361524a3bc66.html,2025-12-05T02:21:19.907773+00:00,"""Behind the Scenes of ‘Prehistoric Planet: Ice Age’: How Apple TV Uses Puppetry to Blend Practical and Visual Effects""",4,4,insidenova.com|kdhnews.com,60f970dd2df8860f62c359946f2090ed53e98926b031ec3217533b37136b4ffd|15ff62a1898fbd949c573ec1565e5ec7e61325014b05768b37e14392527bea36|c47f67fe7a915f7bbf921b87872bdba2c60ae952f81b0d1899abfb356df209fb|ec260dcad0d7d1230852701a04b96d938ad8c03fac9b23b3aae7eae5413c9084,ok
35304dc4-5d4a-40d3-abdb-0b3f76e0543b,The Mexico Ledger,Mexico boys soccer seniors close high school careers with awards,"https://mexicoledger.com/stories/mexico-boys-soccer-seniors-close-high-school-with-awards,144680",2025-12-05T14:29:52.488684+00:00,"""Mexico boys soccer seniors close high school careers with awards""",0,0,,,ok
5a0a0837-3d98-4ec1-aaab-ed56b9ba8517,The Milan Standard,www.themilanstandard.com,https://www.themilanstandard.com/2025/12/04/outdoors-with-kevin-fox-what-would-your-choices-be,2025-12-05T14:18:45.048024+00:00,"""www.themilanstandard.com""",0,0,,,ok
53d96260-a8d3-48db-9747-981c17b7a829,The Milan Standard,Christmas Kickoffff To Be Held Saturday,https://www.themilanstandard.com/2025/12/04/christmas-kickoffff-to-be-held-saturday,2025-12-05T14:15:15.253631+00:00,"""Christmas Kickoffff To Be Held Saturday""",0,0,,,ok
35d42158-b234-4dac-918f-df285fffc368,The Sedalia Democrat,People First of Pettis County champions self-advocacy,"https://www.sedaliademocrat.com/stories/people-first-of-pettis-county-champions-self-advocacy,50559",2025-12-05T09:20:02.929099+00:00,"""People First of Pettis County champions self-advocacy""",0,0,,,ok
ba8a501b-2414-4a82-8c6b-d8797ef03069,The Sedalia Democrat,Bodyworks Day Spa offers local gift ideas,"https://www.sedaliademocrat.com/stories/bodyworks-day-spa-offers-local-gift-ideas,50561",2025-12-05T09:13:16.905716+00:00,"""Bodyworks Day Spa offers local gift ideas""",0,0,,,ok
a532e2d3-3639-463e-8c6d-33f47a33350f,The Sedalia Democrat,Brick Front Grill celebrates 20 years of success serving Mediterranean cuisine,"https://www.sedaliademocrat.com/stories/brick-front-grill-celebrates-20-years-of-success-serving-mediterranean-cuisine,50556",2025-12-05T02:14:37.637600+00:00,"""Brick Front Grill celebrates 20 years of success serving Mediterranean cuisine""",0,0,,,ok
0e6af93c-26c1-412e-b565-a03f4878aefc,Warren County Record,2025 Liberty Christian Winter Sports Previews,"https://www.warrencountyrecord.com/stories/2025-liberty-christian-winter-sports-previews,174797",2025-12-05T08:22:00.685725+00:00,"""2025 Liberty Christian Winter Sports Previews""",0,0,,,ok
ed7da597-509b-4f6d-9fd0-1a1aa624937f,West Plains Daily Quill,Northern Kentucky visits Purdue Fort Wayne following Hadnot's 33-point game,"https://www.westplainsdailyquill.net/stories/northern-kentucky-visits-purdue-fort-wayne-following-hadnots-33-point-game,206394",2025-12-05T14:39:13.090401+00:00,"""Northern Kentucky visits Purdue Fort Wayne following Hadnot's 33-point game""",1,1,inquirer.com,51ed4a4f63e47795c3cd1aa99a74f1208f01d0f15d37d26a323ab6e9486b34f0,ok
93c0a10d-8588-4d75-a51c-2030df073d0c,West Plains Daily Quill,McClure and DePaul host UAPB,"https://www.westplainsdailyquill.net/stories/mcclure-and-depaul-host-uapb,206396",2025-12-05T14:37:50.863226+00:00,"""McClure and DePaul host UAPB""",3,3,inquirer.com|medicinehatnews.com|winnipegfreepress.com,35ca0650e15338d848e75949d4a900f0f0e9146eb4eb75ab7f3f534d6dfbaed8|e41d6fdf7d029b7aee3ac631ae2e0abd6df7331d54ebb89fdc33eda7ece374e8|3d1fc3d35f97dc637ba4da3cd2afc9d387ab888d558a96432441ed3bfd05cfae,ok
e47665f6-af13-4322-a587-68e73bff8a69,West Plains Daily Quill,Western Carolina visits Bendinger and South Carolina Upstate,"https://www.westplainsdailyquill.net/stories/western-carolina-visits-bendinger-and-south-carolina-upstate,206398",2025-12-05T14:36:52.447581+00:00,"""Western Carolina visits Bendinger and South Carolina Upstate""",2,2,inquirer.com|sports.yahoo.com,d5755b5d67b61c088d5741838f78ed15d4fcfa623da13add668ee715b895a2e8|4154c0b15b8a865d4711c15360bd67ae75996a54019f745ffa6ae7176d7997f2,ok
